TOP,VALUE,RISING,VALUE
home decor,100,white home decor,Breakout
ikea,25,blue home decor,Breakout
ikea home decor,24,black home decor,Breakout
white home decor,20,home decor ideas,Breakout
blue home decor,10,home decor items,Breakout
black home decor,10,green home decor,Breakout
home decor ideas,8,pink home decor,Breakout
home decor items,7,yellow home decor,Breakout
green home decor,7,purple home decor,Breakout
pink home decor,5,black and white home decor,Breakout
yellow home decor,5,red home decor,Breakout
purple home decor,4,grey home decor,Breakout
black and white home decor,4,ikea home decor ideas,Breakout
red home decor,3,turquoise home decor,Breakout
grey home decor,3,rose gold home decor,Breakout
home decor accents,3,home decor,110%
